tile	char	confidence
0x00	 	high
0x01	!	high
0x02	sym:filled-square	low
0x03	sym:down-triangle	low
0x04	sym:right-triangle	low
0x05	sym:cross	low
0x06	sym:misc	low
0x07	'	high
0x08	(	high
0x09	)	high
0x0A	*	high
0x0B	+	high
0x0C	,	high
0x0D	-	high
0x0E	.	high
0x0F	/	high
0x10	0	high
0x11	1	high
0x12	2	high
0x13	3	high
0x14	4	high
0x15	5	high
0x16	6	high
0x17	7	high
0x18	8	high
0x19	9	high
0x1A	:	high
0x1B	;	high
0x1C	<	high
0x1D	=	high
0x1E	>	high
0x1F	?	high
0x20	@	high
0x21	A	high
0x22	B	high
0x23	C	high
0x24	D	high
0x25	E	high
0x26	F	high
0x27	G	high
0x28	H	high
0x29	I	high
0x2A	J	high
0x2B	K	high
0x2C	L	high
0x2D	M	high
0x2E	N	high
0x2F	O	high
0x30	P	high
0x31	Q	high
0x32	R	high
0x33	S	high
0x34	T	high
0x35	U	high
0x36	V	high
0x37	W	high
0x38	X	high
0x39	Y	high
0x3A	Z	high
0x3B	[	high
0x3C	\	high
0x3D	]	high
0x3E	bar-top	high
0x3F	bar-bottom	high
0x40	graphic	high
0x41	graphic	high
0x42	graphic	high
0x43	graphic	high
0x44	graphic	high
0x45	graphic	high
0x46	graphic	high
0x47	graphic	high
0x48	graphic	high
0x49	graphic	high
0x4A	graphic	high
0x4B	graphic	high
0x4C	graphic	high
0x4D	graphic	high
0x4E	graphic	high
0x4F	graphic	high
0x50	graphic	high
0x51	graphic	high
0x52	graphic	high
0x53	graphic	high
0x54	graphic	high
0x55	graphic	high
0x56	graphic	high
0x57	graphic	high
0x58	graphic	high
0x59	graphic	high
0x5A	graphic	high
0x5B	graphic	high
0x5C	graphic	high
0x5D	graphic	high
0x5E	graphic	high
0x5F	graphic	high
0x60	graphic	high
0x61	graphic	high
0x62	graphic	high
0x63	sym:diamond	med
0x64	sym:square-outline	med
0x65	sym:square-filled	med
0x66	graphic	high
0x67	graphic	high
0x68	graphic	high
0x69	graphic	high
0x6A	graphic	high
0x6B	graphic	high
0x6C	graphic	high
0x6D	graphic	high
0x6E	graphic	high
0x6F	graphic	high
0x70	graphic:filled	high
0x71	あ	high
0x72	い	high
0x73	う	high
0x74	え	high
0x75	お	high
0x76	か	high
0x77	き	high
0x78	く	high
0x79	け	high
0x7A	こ	high
0x7B	さ	high
0x7C	し	high
0x7D	す	high
0x7E	せ	high
0x7F	そ	high
0x80	た	high
0x81	ち	high
0x82	つ	high
0x83	て	high
0x84	と	high
0x85	な	high
0x86	に	high
0x87	ぬ	high
0x88	ね	high
0x89	の	high
0x8A	は	high
0x8B	ひ	high
0x8C	ふ	high
0x8D	へ	high
0x8E	ほ	high
0x8F	ま	high
0x90	み	high
0x91	む	high
0x92	め	high
0x93	も	high
0x94	や	high
0x95	ゆ	high
0x96	よ	high
0x97	ら	high
0x98	り	high
0x99	る	high
0x9A	れ	high
0x9B	ろ	high
0x9C	わ	high
0x9D	を	high
0x9E	ん	high
0x9F	unknown	low
0xA0	ー	high
0xA1	ア	high
0xA2	イ	high
0xA3	ウ	high
0xA4	エ	high
0xA5	オ	high
0xA6	カ	high
0xA7	キ	high
0xA8	ク	high
0xA9	ケ	high
0xAA	コ	high
0xAB	サ	high
0xAC	シ	high
0xAD	ス	high
0xAE	セ	high
0xAF	ソ	high
0xB0	タ	high
0xB1	チ	high
0xB2	ツ	high
0xB3	テ	high
0xB4	ト	high
0xB5	ナ	high
0xB6	ニ	high
0xB7	ヌ	high
0xB8	ネ	high
0xB9	ノ	high
0xBA	ハ	high
0xBB	ヒ	high
0xBC	フ	high
0xBD	ヘ	high
0xBE	ホ	high
0xBF	マ	high
0xC0	ミ	high
0xC1	ム	high
0xC2	メ	high
0xC3	モ	high
0xC4	ヤ	high
0xC5	ユ	high
0xC6	ヨ	high
0xC7	ラ	high
0xC8	リ	high
0xC9	ル	high
0xCA	レ	high
0xCB	ロ	high
0xCC	ワ	high
0xCD	ン	med
0xCE	unknown	low
0xCF	unknown	low
0xD0	 	high
0xD1	unknown	low
0xD2	unknown	low
0xD3	unknown	low
0xD4	unknown	low
0xD5	unknown	low
0xD6	unknown	low
0xD7	unknown	low
0xD8	unknown	low
0xD9	unknown	low
0xDA	unknown	low
0xDB	unknown	low
0xDC	unknown	low
0xDD	unknown	low
0xDE	unknown	low
0xDF	unknown	low
0xE0	graphic	high
0xE1	graphic	high
0xE2	graphic	high
0xE3	graphic	high
0xE4	graphic	high
0xE5	graphic	high
0xE6	graphic	high
0xE7	graphic	high
0xE8	graphic	high
0xE9	graphic	high
0xEA	graphic	high
0xEB	graphic	high
0xEC	graphic	high
0xED	graphic	high
0xEE	graphic	high
0xEF	graphic	high
0xF0	graphic	high
0xF1	graphic	high
0xF2	graphic	high
0xF3	graphic	high
0xF4	graphic	high
0xF5	graphic	high
0xF6	graphic	high
0xF7	graphic	high
0xF8	graphic	high
0xF9	graphic	high
0xFA	graphic	high
0xFB	graphic	high
0xFC	graphic	high
0xFD	graphic	high
0xFE	graphic	high
0xFF	graphic	high
