kana,hanzi,records
よしひろ,良弘,0 24
ひろし,浩,1
こうじ,康二,2 16
げんえい,源英,3 17
まさ,正,4 18
みほ,美穗,5
なかざき,中崎,6 19
ほくと,北斗,7 20
おうみ,近江,8
さおり,沙织,9
いざわ,井泽,10
うらべ,浦部,11 21
わだ,和田,12 13
やすゆき,安行,14
まさき,正树,15
おぐら,小仓,22
ほんだ,本田,23
のぼる,升,25 51
たけし,武,26 52 273
たかぎ,高木,27 53
くめだ,久米,28
かたぎり,片桐,29
くにひろ,国弘,30
いしぐろ,石黑,31
きょうこ,京子,32
かよこ,佳代,33
もんま,门马,34
まさみ,正美,35
りょうこ,亮子,36
うえだ,上田,37
すやま,须山,38
なおき,直树,39
たけうち,竹内,40
とうやま,远山,41
なかはら,中原,42
かずゆき,和行,43
きよし,清,44 404
やすだ,安田,45
えいこ,荣子,46
ゆうこ,优子,47
さかえ,荣,48
いわたに,岩谷,49
はしもと,桥本,50
きたむら,北村,54
ふるや,古谷,55
おおの,大野,56
いけだ,池田,57
さとし,聪,58 159
まもる,守,59 83
たかぐち,高口,60
いしかわ,石川,61 376
まきはら,牧原,62
ひろよし,弘义,63
てらだ,寺田,64
けんじ,健二,65
ともみ,友美,66 147
くりはら,栗原,67 267
きむら,木村,68 413
けいすけ,庆介,69
えびぬま,海沼,70 93 118
おおすみ,大隅,71 94 119
しらい,白井,72 95 120
しげる,茂,73 124 269
ひらの,平野,74 193
さとみ,里美,75
まさかつ,正胜,76
いなば,稻叶,77
いまがわ,今川,78
みつはる,光春,79
けんた,健太,80
よしだ,吉田,81 417 457
せきもと,关口,82
えり,绘里,84
かおる,薰,85 201
ひさこ,久子,86
りかこ,里佳,87
あつし,笃,88
つとむ,勤,89
たかはし,高桥,90
むかい,向井,91
やまね,山根,92
ゆきむら,行村,96
きざき,木崎,97
みやした,宫下,98
なるみ,成美,99
ながさき,长崎,100
やまもと,山本,101
さの,佐野,102
なみこ,波子,103
よこやま,横山,104
しまざき,岛崎,105
みつる,满,106
ほりうち,堀内,107
べっしょ,别所,108
かげうら,影浦,109
ふじむら,藤村,110
まつき,松木,111
たつお,达夫,112
ふなき,船木,113
みやと,宫户,114
たかあき,隆昭,115
しんじ,信二,116 192
よしたか,义隆,117
よしかず,义和,121
かめおか,龟冈,122
こうの,河野,123
みきお,干夫,125
ともたか,友隆,126
おおにし,大西,127
しげき,茂树,128
むらの,村野,129
わかやま,若山,130
せいじ,诚二,131
こが,古贺,132
うちの,内野,133
はるとも,春友,134
けんご,健吾,135
こういち,光一,136
ふるかわ,古川,137
あきら,明,138
きしもと,岸本,139
くまがい,熊谷,140
なんば,难波,141
もり,茂里,142
すや,须也,143
ねだち,根立,144
せきかわ,关川,145
みちこ,道子,146
まちこ,町子,148 339
すみこ,澄子,149 368
としみ,敏美,150
きみよ,君代,151
いたがき,板垣,152
うさみ,宇佐,153
こうすけ,康介,154
なかつか,中冢,155
かつとし,胜敏,156 194
はやし,林,157 318
ひでき,英树,158
うえはら,上原,160
ゆういち,雄一,161
かねい,金井,162
ちえこ,千惠,163 248
ともこ,友子,164 502
あきひろ,昭弘,165 419
すがの,菅野,166
やすこ,安子,167 291 467
さとえ,里江,168
もとこ,素子,169
ごとうだ,后藤,170
ひであき,英昭,171
いさみ,勇,172
かずこ,和子,173 317
まりこ,真理,174
まさとし,正义,175
やまむら,山村,176
いずみ,和泉,177
たかこ,隆子,178
みやこ,京子,179
かつひと,胜人,180
きよたか,清隆,181
みやもと,宫本,182
としこ,敏子,183 319 499
ゆみこ,由美,184
ふくもと,福本,185
えいきち,荣吉,186
せつこ,节子,187
のりこ,典子,188
よしこ,义子,189 295
まこと,诚,190
はやかわ,早川,191
あいこ,爱子,195
れいこ,丽子,196
ゆみの,弓野,197
はせがわ,长谷,198
ようこ,洋子,199 498
みつこ,光子,200
まさお,正雄,202 266
いとう,伊藤,203 443
かたやま,片山,204 476
ゆき,雪,205
きよみ,清美,206
ささお,笹尾,207
とびた,飞田,208
せいこ,清子,209
はるこ,春子,210 325
なみ,波,211
なぐも,南云,212
はら,原,213
やまざき,山崎,214
ひでこ,英子,215 503
あやこ,绫子,216
ひろあき,弘昭,217
いのうえ,井上,218
おきの,冲野,219
あきひさ,昭久,220
えみこ,惠美,221
おさだ,长田,222
ながさわ,长泽,223
いしい,石井,224 421
まさひろ,正弘,225
すぎうら,杉浦,226
りょう,亮,227
みどり,绿,228
こうへい,康平,229
たにむら,谷村,230
のもと,野本,231
じゅんじ,纯二,232
あおやぎ,青柳,233
さとう,佐藤,234
たかみ,隆美,235
としあき,敏昭,236
さだお,贞夫,237
しげこ,茂子,238
はしずめ,桥爪,239
ゆうじ,雄二,240
まつもと,松本,241
のぶゆき,信行,242
やまぐち,山口,243 429
たかはま,高滨,244
ともお,友夫,245
りょうじ,亮二,246
ほしの,星野,247 425
おおい,大井,249
ひろやす,弘安,250
こいけ,小池,251
さくらい,樱井,252
てるひろ,照弘,253
しげの,重野,254
はっとり,服部,255 436
ひらい,平井,256
まつうら,松浦,257
かずまさ,和正,258
のりゆき,宪行,259
なおや,直也,260
たかゆき,隆行,261
やまうち,山内,262
はやさか,早坂,263
こじま,小岛,264
ひろかず,弘和,265
おおいわ,大岩,268
かわい,河合,270
ふみひこ,文彦,271
ごんどう,权藤,272
よしのぶ,义信,274
さわい,泽井,275
ゆうすけ,雄介,276
たなべ,田边,277 504
あきお,昭夫,278
とがし,富樫,279
ないとう,内藤,280
さかい,酒井,281 288
たけひと,武人,282
じゅんこ,纯子,283
たけよ,武代,284 380
うだがわ,宇田,285
おおた,太田,286 447
はるまさ,春正,287
なおこ,直子,289
つくい,津井,290
はんや,半谷,292
みよこ,美代,293
ゆきお,行夫,294
でんすけ,传助,296
タマキ,玉木,297
ながた,长田,298
しずこ,静子,299 365
もりぐち,守口,300
ひで,英,301
やすひこ,安彦,302
やえこ,八重,303
たいじ,泰二,304
ていこ,贞子,305
すどう,须藤,306
ゆかり,由加,307
しんぺい,信平,308
やす,安,309
たむら,田村,310 446
きよこ,清子,311
ひさきち,久吉,312
すえ,末,313
いながき,稻垣,314
ちほこ,千穗,315
しみず,清水,316
ふくなが,福永,320
ふじこ,藤子,321
おざき,尾崎,322
やちよ,八千,323
おだ,织田,324
しもむら,下村,326 500
きくこ,菊子,327
げんた,源太,328
さよ,小夜,329
たにやま,谷山,330
えつこ,悦子,331
ぜんじ,善二,332
きみ,君子,333
そとむら,外村,334
しまこ,岛子,335
なかじま,中岛,336
のぶこ,信子,337
ほりえ,堀江,338
もうり,毛利,340
あつこ,敦子,341
しまず,岛津,342
まさこ,正子,343 397
ながい,永井,344
かずみ,和美,345
いちかわ,市川,346
ちさと,千里,347
ともぞう,友三,348
てるよ,辉代,349
いぬい,乾,350
ちえみ,千惠,351
いまむら,今村,352
たえこ,妙子,353
うえの,上野,354
さちこ,幸子,355
せいいち,诚一,356
おがわ,小川,357
あずさ,亚沙,358
いちぞう,市造,359
ふみこ,文子,360
さえこ,冴子,361
かみや,神谷,362
とよみ,丰美,363
こみやま,小宫,364
てつや,彻也,366
ゆうぞう,雄三,367
ささき,佐木,369
ますみ,真澄,370
くにこ,国子,371
たどころ,田所,372
みずほ,瑞穗,373
にしもと,西本,374
えりこ,绘里,375
まつなが,松永,377
みなこ,美奈,378
みのる,稔,379
のりえ,纪江,381
わたなべ,渡边,382 437
りみ,里美,383
しゅうじ,修二,384
うたえ,歌江,385
つねあき,常昭,386
さいこ,佐伊,387
みねきち,峰吉,388
よし,义,389
ひでまつ,英松,390
てるこ,辉子,391
はちろう,八郎,392
とくえ,德江,393
げんじ,源治,394
さだこ,贞子,395
へいはち,平八,396
なおじ,直次,398
つるこ,鹤子,399
としただ,敏正,400
はつみ,初美,401
けんぞう,健三,402
ちよの,千代,403
さとこ,里子,405
えいいち,荣一,406
かつえ,胜江,407
としお,敏夫,408
きしこ,岸子,409
ひでお,英夫,410
こやま,小山,411
かい,香依,412
しらいし,白石,414
やぐち,矢口,415
かめやま,龟山,416
つよし,刚,418
みぎた,右田,420
みやうち,宫内,422
たかい,高井,423
かねこ,金子,424
さか,沙香,426
あゆかわ,鲇川,427
よこたに,横谷,428
やまだ,山田,430
やすお,安雄,431
いわた,岩田,432
むねひこ,宗彦,433
せきがわ,关川,434
たぎ,多岐,435
なかごみ,中込,438
ふるさと,古里,439
たかむら,高村,440
しまお,岛夫,441
すみとも,住友,442
くぼ,久保,444
にしかわ,西川,445
ゆたか,丰,448
よしひこ,义彦,449
まゆみ,真弓,450
おかだ,冈田,451
やぎ,八木,452
たお,田尾,453
きど,木户,454
かなもり,金森,455
ひらた,平田,456
むぎくら,麦仓,458
かさい,笠井,459
ゆふね,汤船,460
いのまた,猪俣,461
のだ,野田,462
なかにし,中西,463
かずよし,和义,464
ひらやま,平山,465
みき,美纪,466
もろおか,诸冈,468
かずき,和树,469
はるみ,春美,470
よしえ,义江,471
そのだ,园田,472
ひろみち,弘道,473
ふじみ,藤美,474
かなこ,加奈,475
だいすけ,大辅,477
みさお,操,478
たみこ,民子,479
さかた,坂田,480
たからだ,宝田,481
ひろえ,弘惠,482
さち,幸,483
みやはら,宫原,484
たかよし,隆义,485
ゆい,结衣,486
まゆこ,真由,487
かがみ,镜,488
まさたけ,正武,489
しのぶ,忍,490
すみか,澄香,491
あきずき,秋月,492
けいじ,庆二,493
たまこ,珠子,494
はつえ,初江,495
きのした,木下,496
ひろたか,弘隆,497
たけお,武夫,501
かずま,和真,505
あやか,绫香,506
むつみ,睦美,507
ひぐち,樋口,508
かずあき,和昭,509
しずか,静香,510
くみ,久美,511
くにお,国夫,512
りき,力,513
む,武,514
チダ,千田,516
